domain,source_presence,first_seen_query,country_relevance,visa_service_relevance_score,business_fit,risk_flags,recommended_dtype,crawl_action,rationale
1000perevodov.by,top10,перевод справки из банка на английский,BY,70,supporting,,niche_agency,enqueue,Translation/Legal services for visa documents
100viz.by,top10,виза в польшу через брестскую юрисдикцию цена,BY,50,supporting,,niche_agency,enqueue,General business/info site to be reviewed
1prof.by,top10,шенген для белорусов 2026 цена,BY,50,supporting,,niche_agency,enqueue,General business/info site to be reviewed
24gp.by,top10,психотесты и медкомиссия для работы водителем в ес,BY,50,supporting,,niche_agency,enqueue,General business/info site to be reviewed
24visa.by,top10,срок действия справки о несудимости для визы,BY,90,core,,niche_agency,enqueue,Niche agency focused on visas
2spain.ru,top10,апелляция на отказ в визе испания,unknown,50,supporting,geo_mismatch,niche_agency,review,General business/info site to be reviewed
321.by,both,агентство визовой поддержки беларусь,BY,50,supporting,,niche_agency,enqueue,General business/info site to be reviewed
34travel.me,top10,автоматическая запись на визу в германию,BY,60,supporting,,news,review,Travel media with high-quality visa guides
abcspain.ru,top10,сопровождение на внж испании,unknown,50,supporting,geo_mismatch,niche_agency,review,General business/info site to be reviewed
academgo.com,both,учебная виза в польшу для студентов,unknown,50,supporting,,niche_agency,enqueue,General business/info site to be reviewed
academtrans.by,top10,код 95 польша обучение для белорусов 2026,BY,50,supporting,,niche_agency,enqueue,General business/info site to be reviewed
adukar.com,top10,апостиль министерство образования электронная очередь,unknown,50,supporting,,niche_agency,enqueue,General business/info site to be reviewed
aif.by,top10,самые лояльные страны шенгена для белорусов 2026,BY,40,supporting,,news,review,Media/Forum - might contain outdated info or noise
aima.gov.pt,top10,требования к доходу для внж португалия 2026,EU,100,core,,government,enqueue,Official government/consulate source
ais.usvisa-info.com,top10,виза в сша для белорусов через ереван 2026,unknown,90,core,,niche_agency,enqueue,Niche agency focused on visas
akademtrans.by,top10,свидетельство водителя международника для визы,BY,50,supporting,,niche_agency,enqueue,General business/info site to be reviewed
aksis.pl,top10,минимальная зарплата в польше для внж 4806 злотых,EU,50,supporting,,niche_agency,enqueue,General business/info site to be reviewed
alegria-realestate.com,top10,регистрация в системе соцстраха испании для номада,unknown,50,supporting,,niche_agency,enqueue,General business/info site to be reviewed
alfa-bank.by,top10,выписка со счета в евро для визы,BY,50,supporting,,insurance,review,Financial institution for guarantees
alfabank.by,both,подтверждение финансовых гарантий шенген,BY,50,supporting,,insurance,review,Financial institution for guarantees
alfavisa.ru,top10,повторная подача после отказа в шенгене правила,unknown,90,core,geo_mismatch,niche_agency,review,Niche agency focused on visas
allford.by,top10,справка об отсутствии судимости сроки,BY,50,supporting,,niche_agency,enqueue,General business/info site to be reviewed
allpoland-docs.com,top10,санкции за невыход на работу в польше 2 года,unknown,50,supporting,,niche_agency,enqueue,General business/info site to be reviewed
alltour.by,top10,автоматизированный поиск свободных дат 24/7,BY,70,core,,niche_agency,enqueue,Travel agency often providing visa services
allvisa.by,top10,виза в сша для белорусов через ереван 2026,BY,90,core,,niche_agency,enqueue,Niche agency focused on visas
am.usembassy.gov,top10,виза в сша для белорусов через ереван 2026,unknown,100,core,,government,enqueue,Official government/consulate source
ambminsk.esteri.it,top10,записаться в визовый центр минск,EU,100,core,,consulate,enqueue,Italian Embassy in Minsk
ananastour.by,both,услуги ловли дат виза минск,BY,70,core,,niche_agency,enqueue,Travel agency often providing visa services
anyplacevisa.by,top10,виза в италию для белорусов статистика выдачи,BY,90,core,,niche_agency,enqueue,Niche agency focused on visas
apd.world,top10,черный список СИС шенген как проверить,unknown,50,supporting,,niche_agency,enqueue,General business/info site to be reviewed
apostille-pro.by,top10,запись на апостиль мид через пл. победы,BY,50,supporting,,niche_agency,enqueue,General business/info site to be reviewed
apostille.pro,top10,услуги по проставлению апостиля минск под ключ цена,unknown,50,supporting,,niche_agency,enqueue,General business/info site to be reviewed
apv.by,both,как поймать слот в визовый центр германии,BY,50,supporting,,niche_agency,enqueue,General business/info site to be reviewed
archives.gov.by,top10,оплата госпошлины 790-038 из беларуси,BY,100,core,,government,enqueue,Official government/consulate source
asoba.by,top10,страховка для визы без доплат требования,BY,50,supporting,,niche_agency,enqueue,General business/info site to be reviewed
assist-365.com,top10,страховка sin copagos для визы испании купить,unknown,50,supporting,,niche_agency,enqueue,General business/info site to be reviewed
atanesov.com,top10,минимальный доход для визы кочевника испания 2026,unknown,50,supporting,,niche_agency,enqueue,General business/info site to be reviewed
atanesovpetrova.com,top10,расчет SMI испания 2026 для цифрового кочевника,unknown,50,supporting,,niche_agency,enqueue,General business/info site to be reviewed
avan-grad.by,top10,срочный апостиль минск 1-3 дня министерство юстиции,BY,50,supporting,,niche_agency,enqueue,General business/info site to be reviewed
avtoportal.by,top10,свидетельство водителя международника для визы,BY,50,supporting,,niche_agency,enqueue,General business/info site to be reviewed
azbuka-perevoda.by,top10,перевод справки из банка на английский,BY,70,supporting,,niche_agency,enqueue,Translation/Legal services for visa documents
azbukaspain.com,top10,регистрация в системе соцстраха испании для номада,unknown,50,supporting,,niche_agency,enqueue,General business/info site to be reviewed
azbukaspain.ru,top10,перевод документов хурадо для визы кочевника,unknown,50,supporting,geo_mismatch,niche_agency,review,General business/info site to be reviewed
baj.media,source_resolved,польский проездной документ для белорусов оформление,unknown,50,supporting,,niche_agency,enqueue,General business/info site to be reviewed
bamap.by,top10,свидетельство водителя международника для визы,BY,50,supporting,,niche_agency,enqueue,General business/info site to be reviewed
bamap.org,top10,психотесты и медкомиссия для работы водителем в ес,unknown,50,supporting,,niche_agency,enqueue,General business/info site to be reviewed
banantour.by,top10,отказ в немецком шенгене причины 2025,BY,70,core,,niche_agency,enqueue,Travel agency often providing visa services
banantur.by,top10,сопровождение на внж испании,BY,50,supporting,,niche_agency,enqueue,General business/info site to be reviewed
banki.ru,top10,причины отказа в визе цифрового кочевника 2026,unknown,50,supporting,geo_mismatch,niche_agency,review,General business/info site to be reviewed
bcnhomehub.com,top10,консультация по релокации испания,unknown,50,supporting,,niche_agency,enqueue,General business/info site to be reviewed
beg.by,top10,страховка для визы без доплат требования,BY,50,supporting,,niche_agency,enqueue,General business/info site to be reviewed
belarus-solidarity.org,top10,черный список СИС шенген как проверить,unknown,50,supporting,,niche_agency,enqueue,General business/info site to be reviewed
belarus-spain.com,top10,перевод документов на испанский хурадо,unknown,50,supporting,,niche_agency,enqueue,General business/info site to be reviewed
belarus.blsspainvisa.com,top10,мобильная биометрия на визу на дом минск,unknown,90,core,,niche_agency,enqueue,Niche agency focused on visas
belarus.by,top10,проверка паспорта на 2 чистые страницы для визы,BY,50,supporting,,niche_agency,enqueue,General business/info site to be reviewed
belarus.mid.ru,top10,как подтвердить удаленную работу для консульства,unknown,50,supporting,geo_mismatch,niche_agency,review,General business/info site to be reviewed
belarusbank.by,top10,оплата госпошлины 790-038 из беларуси,BY,50,supporting,,insurance,review,Financial institution for guarantees
belarusfacts.by,top10,срок действия справки о несудимости для визы,BY,50,supporting,,niche_agency,enqueue,General business/info site to be reviewed
belarustourservice.by,top10,агентство визовой поддержки беларусь,BY,70,core,,niche_agency,enqueue,Travel agency often providing visa services
belnotary.by,top10,нотариальное заверение переводов минск,BY,50,supporting,,niche_agency,enqueue,General business/info site to be reviewed
belsat.eu,top10,самые лояльные страны шенгена для белорусов 2026,unknown,50,supporting,,niche_agency,enqueue,General business/info site to be reviewed
belta.by,top10,легализация документов беларусь указ 278,BY,50,supporting,,niche_agency,enqueue,General business/info site to be reviewed
beltourist.by,top10,туристический шенген греция минск,BY,70,core,,niche_agency,enqueue,Travel agency often providing visa services
belturist.by,top10,виза в польшу за 14 дней,BY,50,supporting,,niche_agency,enqueue,General business/info site to be reviewed
belturizm.by,top10,выписка из банка с движением за 3 месяца италия,BY,50,supporting,,niche_agency,enqueue,General business/info site to be reviewed
bgs.by,top10,страховка для визы без доплат требования,BY,50,supporting,,niche_agency,enqueue,General business/info site to be reviewed
blizko.by,top10,виза в европу из минска 2026,BY,50,supporting,,niche_agency,enqueue,General business/info site to be reviewed
blsbelarus.com,top10,мультивиза шенген на 2 года белорусам,unknown,50,supporting,,niche_agency,enqueue,General business/info site to be reviewed
blsbelarusvisa.com,top10,заполнение визовой анкеты онлайн,unknown,90,core,,niche_agency,enqueue,Niche agency focused on visas
blsspain-belarus.com,top10,записаться в визовый центр минск,BY,100,core,,visa_center,enqueue,Official Spain visa center in Minsk
blsspain-russia.com,top10,шенген через москву для граждан рб актуально,unknown,50,supporting,geo_mismatch,niche_agency,review,General business/info site to be reviewed
bmbah.hu,top10,white card венгрия условия 2026,EU,50,supporting,,niche_agency,enqueue,General business/info site to be reviewed
bns.by,top10,страховка для визы без доплат требования,BY,50,supporting,,niche_agency,enqueue,General business/info site to be reviewed
bravosestate.com,top10,расчет SMI испания 2026 для цифрового кочевника,unknown,50,supporting,,niche_agency,enqueue,General business/info site to be reviewed
brest-visa.by,top10,виза в польшу через брестскую юрисдикцию цена,BY,90,core,,niche_agency,enqueue,Niche agency focused on visas
brest.visavisa.by,top10,виза в польшу через брестскую юрисдикцию цена,BY,90,core,,niche_agency,enqueue,Niche agency focused on visas
brestcity.com,both,виза в европу из минска 2026,unknown,50,supporting,,niche_agency,enqueue,General business/info site to be reviewed
brestvisa.by,both,подбор недвижимости для внж португалия,BY,90,core,,niche_agency,enqueue,Niche agency focused on visas
bseu.by,source_resolved,учебная виза в польшу для студентов,BY,50,supporting,,niche_agency,enqueue,General business/info site to be reviewed
bsu.by,top10,как поставить апостиль на диплом в минске,BY,50,supporting,,niche_agency,enqueue,General business/info site to be reviewed
budgettravel.by,top10,анкета на визу в польшу образец заполнения,BY,70,core,,niche_agency,enqueue,Travel agency often providing visa services
buhexpert8.ru,top10,как подтвердить удаленную работу для консульства,unknown,50,supporting,geo_mismatch,niche_agency,review,General business/info site to be reviewed
by-gr.gvcworld.eu,both,визовый центр официальный сайт,unknown,50,supporting,,niche_agency,enqueue,General business/info site to be reviewed
by.ambafrance.org,top10,доля многократных виз (mev) италия франция германия,unknown,50,supporting,,niche_agency,enqueue,General business/info site to be reviewed
by.mfa.lt,top10,виза в литву через посольство в минске 2026,EU,50,supporting,,niche_agency,enqueue,General business/info site to be reviewed
catalunya.ru,top10,минимальный доход номада испания 2849 евро в месяц,unknown,50,supporting,geo_mismatch,niche_agency,review,General business/info site to be reviewed
cbsbelarus.org,top10,польский проездной документ для белорусов оформление,unknown,50,supporting,,niche_agency,enqueue,General business/info site to be reviewed
cbshelp.pl,top10,продление гуманитарной визы d21 в польше 2026,EU,50,supporting,,niche_agency,enqueue,General business/info site to be reviewed
cherehapa.ru,top10,thailand digital arrival card (tdac) как заполнить,unknown,50,supporting,geo_mismatch,niche_agency,review,General business/info site to be reviewed
citydog.io,top10,получить шенген через визовый центр,unknown,50,supporting,,niche_agency,enqueue,General business/info site to be reviewed
citydog.me,top10,записаться в посольство через телеграм бот,unknown,40,supporting,,news,review,Media/Forum - might contain outdated info or noise
coral.by,top10,правила въезда в оаэ для белорусов 90 дней,BY,50,supporting,,niche_agency,enqueue,General business/info site to be reviewed
corpenza.com,top10,расчет SMI испания 2026 для цифрового кочевника,unknown,50,supporting,,niche_agency,enqueue,General business/info site to be reviewed
cosmos-perevod.by,top10,срочное проставление апостиля минск цена,BY,70,supporting,,niche_agency,enqueue,Translation/Legal services for visa documents
cosmos.by,top10,присяжный переводчик польского языка минск,BY,50,supporting,,niche_agency,enqueue,General business/info site to be reviewed
cpmvd.by,top10,психотесты и медкомиссия для работы водителем в ес,BY,50,supporting,,niche_agency,enqueue,General business/info site to be reviewed
cyprusbutterfly.com.cy,top10,виза цифрового кочевника на кипр условия,unknown,50,supporting,,niche_agency,enqueue,General business/info site to be reviewed
cze-tour.com,top10,спонсорское письмо для визы ребенку образец,unknown,70,core,,niche_agency,enqueue,Travel agency often providing visa services
datatour.by,top10,автоматизированный поиск свободных дат 24/7,BY,70,core,,niche_agency,enqueue,Travel agency often providing visa services
datatur.by,top10,куда проще получить визу белорусу в 2026 году,BY,50,supporting,,niche_agency,enqueue,General business/info site to be reviewed
de.tlscontact.com,top10,виза в германию через астану или баку 2026,unknown,100,core,,visa_center,enqueue,Official visa processing center
devby.io,top10,минимальный доход номада испания 2849 евро в месяц,unknown,40,supporting,,news,review,Media/Forum - might contain outdated info or noise
dha.gov.by,both,агентство визовой поддержки беларусь,BY,100,core,,government,enqueue,Official government/consulate source
dilingua.by,top10,перевод справки из банка на английский с заверением,BY,50,supporting,,niche_agency,enqueue,General business/info site to be reviewed
diplom.by,top10,перевод документов на испанский хурадо,BY,50,supporting,,niche_agency,enqueue,General business/info site to be reviewed
dkv.es,top10,страховка sin copagos для визы испании купить,EU,50,supporting,,niche_agency,enqueue,General business/info site to be reviewed
dokument.by,top10,справка об отсутствии судимости сроки,BY,50,supporting,,niche_agency,enqueue,General business/info site to be reviewed
dreamlifespain.com,top10,закон о стартапах испания 2025 изменения,unknown,50,supporting,,niche_agency,enqueue,General business/info site to be reviewed
dtv.in.th,source_resolved,виза dtv таиланд для белорусов условия,unknown,50,supporting,,niche_agency,enqueue,General business/info site to be reviewed
dubai.mfa.gov.by,top10,правила въезда в оаэ для белорусов 90 дней,BY,100,core,,government,enqueue,Official government/consulate source
dzen.ru,top10,апелляция на отказ в шенгенской визе образец,unknown,50,supporting,geo_mismatch,niche_agency,review,General business/info site to be reviewed
e-pasluga.by,top10,справка о несудимости мвд минск для визы,BY,50,supporting,,niche_agency,enqueue,General business/info site to be reviewed
e-perevod.by,top10,перевод справки из банка на английский с заверением,BY,70,supporting,,niche_agency,enqueue,Translation/Legal services for visa documents
ec.europa.eu,top10,white card венгрия воссоединение семьи 2026,unknown,100,core,,government,enqueue,Official government/consulate source
ecotravel.by,top10,шенген через москву для граждан рб актуально,BY,70,core,,niche_agency,enqueue,Travel agency often providing visa services
edu.gov.by,top10,стоимость апостиля в минске 225 рублей за документ,BY,100,core,,government,enqueue,Official government/consulate source
educontrol.gov.by,top10,поставить апостиль на диплом лично владельцем,BY,100,core,,government,enqueue,Official government/consulate source
el-relocator.com,top10,перевод документов хурадо для визы кочевника,unknown,50,supporting,,niche_agency,enqueue,General business/info site to be reviewed
emigra.by,top10,как получить nie в минске,BY,50,supporting,,niche_agency,enqueue,General business/info site to be reviewed
emirates.com,top10,правила въезда в оаэ для белорусов 90 дней,unknown,50,supporting,,niche_agency,enqueue,General business/info site to be reviewed
equitas.by,top10,перевод справки из банка на английский с заверением,BY,50,supporting,,niche_agency,enqueue,General business/info site to be reviewed
erv.ru,top10,медицинская страховка для визы d стоимость,unknown,50,supporting,geo_mismatch,niche_agency,review,General business/info site to be reviewed
espanarusa.com,top10,регистрация в системе соцстраха испании для номада,unknown,50,supporting,,niche_agency,enqueue,General business/info site to be reviewed
espero.ge,top10,лучшие страны для it релокации 2026,unknown,50,supporting,,niche_agency,enqueue,General business/info site to be reviewed
estate-spain.com,top10,регистрация в системе соцстраха испании для номада,unknown,50,supporting,,niche_agency,enqueue,General business/info site to be reviewed
etalonline.by,top10,апостиль минск 5 базовых величин 2026 год,BY,50,supporting,,niche_agency,enqueue,General business/info site to be reviewed
euro-rabota.by,top10,как уехать работать в европу из минска,BY,50,supporting,,niche_agency,enqueue,General business/info site to be reviewed
euro-viza.by,top10,апелляция на отказ в польской визе сроки,BY,90,core,,niche_agency,enqueue,Niche agency focused on visas
euroavia.ru,top10,бронь отеля для визы без оплаты,unknown,50,supporting,geo_mismatch,niche_agency,review,General business/info site to be reviewed
euroby.info,top10,карта побыту по работе 2026 требования к зарплате,unknown,50,supporting,,niche_agency,enqueue,General business/info site to be reviewed
euroradio.fm,top10,гуманитарная виза в польшу d21,unknown,50,supporting,,niche_agency,enqueue,General business/info site to be reviewed
euroviza.by,top10,рабочая виза водителя тип d 365 дней,BY,90,core,,niche_agency,enqueue,Niche agency focused on visas
evc.by,top10,виза в латвию для водителей международников документы,BY,50,supporting,,niche_agency,enqueue,General business/info site to be reviewed
evisa.xuatnhapcanh.gov.vn,top10,виза во вьетнам для белорусов 2026 условия,unknown,100,core,,government,enqueue,Official government/consulate source
evrovisa.by,both,виза в европу из минска 2026,BY,90,core,,niche_agency,enqueue,Niche agency focused on visas
ex-press.live,top10,стоимость услуг визового агентства 2026,unknown,50,supporting,,niche_agency,enqueue,General business/info site to be reviewed
expatinsurance.es,top10,страховка sin copagos для визы испании купить,EU,50,supporting,,niche_agency,enqueue,General business/info site to be reviewed
expinterweb.inclusion.gob.es,top10,форма 790 код 038 оплата госпошлины испания,EU,100,core,,government,enqueue,Official government/consulate source
export.by,top10,апостиль минск 5 базовых величин 2026 год,BY,50,supporting,,niche_agency,enqueue,General business/info site to be reviewed
exteriores.gob.es,top10,виза цифрового кочевника испания для белорусов,EU,100,core,,government,enqueue,Official government/consulate source
extranjeros.inclusion.gob.es,top10,анкета ex-01 на испанский внж заполнить,EU,100,core,,government,enqueue,Official government/consulate source
ezdili-znaem.com,top10,thailand digital arrival card (tdac) как заполнить,unknown,50,supporting,,niche_agency,enqueue,General business/info site to be reviewed
f-studio.by,top10,фото на визу стандарт ICAO требования,BY,50,supporting,,niche_agency,enqueue,General business/info site to be reviewed
feodgroup.com,top10,переезд в европу из беларуси 2025 варианты,unknown,50,supporting,,niche_agency,enqueue,General business/info site to be reviewed
firstlegal.com.pt,top10,виза d8 португалия документы,EU,50,supporting,,niche_agency,enqueue,General business/info site to be reviewed
firstlegalportugal.com,top10,накопления для визы d8 португалия 11040 евро,unknown,50,supporting,,niche_agency,enqueue,General business/info site to be reviewed
flagma.es,top10,услуги присяжного переводчика хурадо минск,EU,50,supporting,,niche_agency,enqueue,General business/info site to be reviewed
flagma.pl,both,запись на подачу в варшаве для граждан рб,EU,50,supporting,,niche_agency,enqueue,General business/info site to be reviewed
flyvisa.ru,top10,апелляция на отказ в визе испания,unknown,90,core,geo_mismatch,niche_agency,review,Niche agency focused on visas
forum.awd.ru,top10,запись в визовый центр через бот отзывы,unknown,50,supporting,geo_mismatch,niche_agency,review,General business/info site to be reviewed
forum.onliner.by,both,анкета ex-01 на испанский внж заполнить,BY,40,supporting,bot_challenge,forum,review,High-value crowd-sourced info but high noise/unverified
france-visas.gouv.fr,top10,шенген во францию через минск сроки ожидания,EU,90,core,,niche_agency,enqueue,Niche agency focused on visas
freebelarus.center,top10,польский проездной документ для белорусов оформление,unknown,50,supporting,,niche_agency,enqueue,General business/info site to be reviewed
freebelaruscenter.org,source_resolved,польский проездной документ для белорусов оформление,unknown,50,supporting,,niche_agency,enqueue,General business/info site to be reviewed
gaidispaniya.ru,top10,форма 790 код 038 оплата госпошлины испания,unknown,50,supporting,geo_mismatch,niche_agency,review,General business/info site to be reviewed
galileomall.by,source_resolved,мобильный визовый центр минск 292 рубля вфс,BY,50,supporting,,niche_agency,enqueue,General business/info site to be reviewed
garantin.com,top10,white card венгрия воссоединение семьи 2026,unknown,50,supporting,,niche_agency,enqueue,General business/info site to be reviewed
germany-visa.org,top10,лучшие страны для it релокации 2026,unknown,90,core,,niche_agency,enqueue,Niche agency focused on visas
germany.mfa.gov.by,top10,переезд в европу из беларуси 2025 варианты,BY,100,core,,government,enqueue,Official government/consulate source
gk-law.com,top10,виза цифрового кочевника на кипр условия,unknown,50,supporting,,niche_agency,enqueue,General business/info site to be reviewed
gk-lawfirm.com,top10,виза кочевника кипр 3500 евро список документов,unknown,50,supporting,,niche_agency,enqueue,General business/info site to be reviewed
global-relocate.com,top10,виза кочевника кипр 3500 евро список документов,unknown,50,supporting,,niche_agency,enqueue,General business/info site to be reviewed
globaljobs.pl,top10,минимальная зарплата в польше для внж 4806 злотых,EU,50,supporting,,niche_agency,enqueue,General business/info site to be reviewed
globeinvestagency.com,top10,расчет SMI испания 2026 для цифрового кочевника,unknown,50,supporting,,niche_agency,enqueue,General business/info site to be reviewed
gofortravel.ru,top10,бот для записи в визовый центр vfs,unknown,70,core,geo_mismatch,niche_agency,review,Travel agency often providing visa services
goingrus.com,top10,бронь отеля для визы без оплаты для вц,unknown,50,supporting,,niche_agency,enqueue,General business/info site to be reviewed
gopl.by,top10,спонсорское письмо для визы ребенку образец,BY,50,supporting,,niche_agency,enqueue,General business/info site to be reviewed
gov.pl,both,визовый центр официальный сайт,EU,100,core,,government,enqueue,Primary official source for Poland/PBH/D-visas
gpk.gov.by,top10,санкции за невыход на работу в польше 2 года,BY,100,core,,government,enqueue,Official government/consulate source
greece-invest.ru,top10,консультация по визе цифрового кочевника,unknown,50,supporting,geo_mismatch,niche_agency,review,General business/info site to be reviewed
grodno.evc.by,top10,виза в латвию для водителей международников документы,BY,50,supporting,,niche_agency,enqueue,General business/info site to be reviewed
gsl.org,top10,закон о стартапах испания 2025 изменения,unknown,50,supporting,,niche_agency,enqueue,General business/info site to be reviewed
gsmu.by,source_resolved,учебная виза в польшу для студентов,BY,50,supporting,,niche_agency,enqueue,General business/info site to be reviewed
guvd.gov.by,top10,справка о несудимости мвд минск для визы,BY,100,core,,government,enqueue,Official government/consulate source
guvd.minsk.gov.by,top10,срок действия справки о несудимости для визы,BY,100,core,,government,enqueue,Official government/consulate source
gvcw.eu,top10,мобильный визовый центр минск цена,unknown,50,supporting,,niche_agency,enqueue,General business/info site to be reviewed
h-club.by,top10,туристический шенген греция минск,BY,50,supporting,,niche_agency,enqueue,General business/info site to be reviewed
habr.com,top10,минимальный доход для визы кочевника испания 2026,unknown,50,supporting,,niche_agency,enqueue,General business/info site to be reviewed
harbor-club.by,top10,шенген для белорусов 2026 цена,BY,50,supporting,,niche_agency,enqueue,General business/info site to be reviewed
harbor-club.pro,top10,удаленная работа для консульства греции подтверждение,unknown,50,supporting,,niche_agency,enqueue,General business/info site to be reviewed
harbor.by,top10,виза в европу из минска 2026,BY,20,noise,dead_links,noise,exclude,Likely defunct or domain parked
harborclub.by,source_resolved,самые лояльные страны шенгена для белорусов 2026,BY,50,supporting,,niche_agency,enqueue,General business/info site to be reviewed
hbc.by,top10,как поймать слот в визовый центр германии,BY,50,supporting,,niche_agency,enqueue,General business/info site to be reviewed
help.aviasales.ru,top10,бронь отеля для визы без оплаты,unknown,50,supporting,geo_mismatch,niche_agency,review,General business/info site to be reviewed
helpers.hu,top10,white card венгрия воссоединение семьи 2026,EU,50,supporting,,niche_agency,enqueue,General business/info site to be reviewed
holiday.by,top10,записаться в визовый центр минск,BY,50,supporting,,niche_agency,enqueue,General business/info site to be reviewed
holidayclub.by,top10,бронь отеля для визы без оплаты,BY,50,supporting,,niche_agency,enqueue,General business/info site to be reviewed
home-affairs.ec.europa.eu,top10,черный список СИС (SIS) как узнать наличие,unknown,100,core,,government,enqueue,Official government/consulate source
homo-tour.by,source_resolved,учебная виза в польшу для студентов,BY,70,core,,niche_agency,enqueue,Travel agency often providing visa services
homoludens.by,top10,виза в сша для белорусов через ереван 2026,BY,50,supporting,,niche_agency,enqueue,General business/info site to be reviewed
homotouristus.by,top10,минимальный доход номада испания 2849 евро в месяц,BY,70,core,,niche_agency,enqueue,Travel agency often providing visa services
horizont-med.by,top10,психотесты и медкомиссия для работы водителем в ес,BY,50,supporting,,niche_agency,enqueue,General business/info site to be reviewed
how2spain.com,top10,минимальный доход для визы кочевника испания 2026,unknown,50,supporting,,niche_agency,enqueue,General business/info site to be reviewed
howtospain.com,top10,минимальный доход номада испания 2849 евро в месяц,unknown,50,supporting,,niche_agency,enqueue,General business/info site to be reviewed
howtrip.ru,top10,спонсорское письмо для визы ребенку образец,unknown,50,supporting,geo_mismatch,niche_agency,review,General business/info site to be reviewed
hungary-golden-visa.com,top10,white card венгрия воссоединение семьи 2026,unknown,90,core,,niche_agency,enqueue,Niche agency focused on visas
hungary-golden-visa.ru,top10,white card венгрия условия 2026,unknown,90,core,geo_mismatch,niche_agency,review,Niche agency focused on visas
hungarygoldenvisa.com,top10,белая карта венгрия для семьи,unknown,90,core,,niche_agency,enqueue,Niche agency focused on visas
i-viza.by,top10,виза цифрового кочевника португалия доход 3680 евро,BY,90,core,,niche_agency,enqueue,Niche agency focused on visas
ieta.by,top10,нотариальное заверение переводов минск,BY,50,supporting,,niche_agency,enqueue,General business/info site to be reviewed
imigrata.com,top10,white card венгрия условия 2026,unknown,50,supporting,,niche_agency,enqueue,General business/info site to be reviewed
imkliva.by,top10,страховка для визы без доплат требования,BY,50,supporting,,niche_agency,enqueue,General business/info site to be reviewed
immi.si,top10,закон о стартапах испания 2025 изменения,unknown,50,supporting,,niche_agency,enqueue,General business/info site to be reviewed
immigrantinvest.com,top10,виза цифрового кочевника испания для белорусов,other,70,supporting,low_trust,aggregator,review,"Investment visas, high-end niche"
immireloc.com,top10,белая карта венгрия для семьи,unknown,50,supporting,,niche_agency,enqueue,General business/info site to be reviewed
in-poland.com,top10,аннулирование oświadczenie в PUP процедура,unknown,50,supporting,,niche_agency,enqueue,General business/info site to be reviewed
indembassy-minsk.gov.in,top10,электронная виза в индию для белорусов цена 2026,unknown,100,core,,government,enqueue,Official government/consulate source
india-evisa.com,top10,электронная виза в индию для белорусов цена 2026,unknown,90,core,,niche_agency,enqueue,Niche agency focused on visas
indianvisaonline.gov.in,top10,электронная виза в индию для белорусов цена 2026,unknown,100,core,,government,enqueue,Official government/consulate source
info-visa.by,top10,повторная подача после отказа в шенгене правила,BY,90,core,,niche_agency,enqueue,Niche agency focused on visas
infopoland.by,source_resolved,гуманитарная виза в польшу d21,BY,50,supporting,,niche_agency,enqueue,General business/info site to be reviewed
infopoland.info,top10,гуманитарная виза в польшу d21,unknown,50,supporting,,niche_agency,enqueue,General business/info site to be reviewed
infotrans.by,top10,психотесты и медкомиссия для работы водителем в ес,BY,50,supporting,,niche_agency,enqueue,General business/info site to be reviewed
infovisa.by,top10,повторная подача после отказа в визе d,BY,90,core,,niche_agency,enqueue,Niche agency focused on visas
ingos.by,top10,медицинская страховка для визы d стоимость,BY,50,supporting,,niche_agency,enqueue,General business/info site to be reviewed
innoinsure.com,top10,страховка sin copagos для визы испании купить,unknown,50,supporting,,niche_agency,enqueue,General business/info site to be reviewed
inoperevod.by,top10,срочный апостиль минск 1-3 дня министерство юстиции,BY,70,supporting,,niche_agency,enqueue,Translation/Legal services for visa documents
inpoland.net.pl,top10,регистрация в системе ZUS польша для визы,EU,50,supporting,,niche_agency,enqueue,General business/info site to be reviewed
inpolska.pl,top10,карта побыту по работе 2026 требования к зарплате,EU,50,supporting,,niche_agency,enqueue,General business/info site to be reviewed
insure-travel.ru,top10,страховка для визы nomad испания требования,unknown,70,core,geo_mismatch,niche_agency,review,Travel agency often providing visa services
insure.travel,top10,купить страховку для испанской визы d,unknown,70,core,,niche_agency,enqueue,Travel agency often providing visa services
intercity.by,top10,виза dtv таиланд для белорусов условия,BY,50,supporting,,niche_agency,enqueue,General business/info site to be reviewed
international.business,top10,переезд в европу из беларуси 2025 варианты,unknown,50,supporting,,niche_agency,enqueue,General business/info site to be reviewed
international.expert,both,накопления для визы d8 португалия 11040 евро,unknown,50,supporting,,niche_agency,enqueue,General business/info site to be reviewed
internationalwealth.info,top10,форма 790 код 038 оплата госпошлины испания,unknown,50,supporting,,niche_agency,enqueue,General business/info site to be reviewed
interpress.ru,top10,отказ в немецком шенгене причины 2025,unknown,50,supporting,geo_mismatch,niche_agency,review,General business/info site to be reviewed
ispaniya.by,top10,анкета ex-01 на испанский внж заполнить,BY,50,supporting,,niche_agency,enqueue,General business/info site to be reviewed
ispanski.by,top10,услуги присяжного переводчика хурадо минск,BY,50,supporting,,niche_agency,enqueue,General business/info site to be reviewed
ispanskoeburo.com,top10,консультация по релокации испания,unknown,50,supporting,,niche_agency,enqueue,General business/info site to be reviewed
ispanskoeburo.ru,top10,сопровождение на внж испании,unknown,50,supporting,geo_mismatch,niche_agency,review,General business/info site to be reviewed
isthungary.hu,top10,белая карта венгрия для семьи,EU,50,supporting,,niche_agency,enqueue,General business/info site to be reviewed
it.tlscontact.com,top10,записаться в визовый центр минск,EU,100,core,,visa_center,enqueue,"Official Italy visa center, high relevance"
italy-vms.by,top10,гарантия записи в визовый центр,BY,50,supporting,,niche_agency,enqueue,General business/info site to be reviewed
italy-vms.ru,top10,шенген через москву для граждан рб актуально,unknown,50,supporting,geo_mismatch,niche_agency,review,General business/info site to be reviewed
italyvms.com,source_resolved,подтверждение финансовых гарантий шенген,unknown,50,supporting,,niche_agency,enqueue,General business/info site to be reviewed
itcareerhub.com,top10,работа в европе для айтишников 2026,unknown,50,supporting,,niche_agency,enqueue,General business/info site to be reviewed
itrad.es,top10,услуги присяжного переводчика хурадо минск,EU,50,supporting,,niche_agency,enqueue,General business/info site to be reviewed
itsaystravel.com,top10,виза кочевника кипр 3500 евро список документов,unknown,70,core,,niche_agency,enqueue,Travel agency often providing visa services
iworld.com,top10,виза d8 португалия документы,unknown,50,supporting,,niche_agency,enqueue,General business/info site to be reviewed
journal.tinkoff.ru,top10,нотариальное заверение копий документов для внж,unknown,50,supporting,geo_mismatch,niche_agency,review,General business/info site to be reviewed
juridical.by,top10,присяжный перевод документов для визы D,BY,50,supporting,,niche_agency,enqueue,General business/info site to be reviewed
just-minsk.gov.by,top10,апостиль минск 5 базовых величин 2026 год,BY,100,core,,government,enqueue,Official government/consulate source
just-minskobl.gov.by,top10,апостиль за 3 дня минск,BY,100,core,,government,enqueue,Official government/consulate source
kandydat.by,top10,присяжный переводчик польского языка минск,BY,50,supporting,,niche_agency,enqueue,General business/info site to be reviewed
karta-polaka.by,top10,присяжный перевод на польский в минске,BY,50,supporting,,niche_agency,enqueue,General business/info site to be reviewed
kasachstan.diplo.de,top10,виза в германию через астану или баку 2026,EU,100,core,,government,enqueue,Official government/consulate source
kblegal.by,top10,нотариальное заверение копий документов для внж,BY,50,supporting,,niche_agency,enqueue,General business/info site to be reviewed
ken.by,top10,страховка для шенгена с покрытием ковид 2026,BY,50,supporting,,niche_agency,enqueue,General business/info site to be reviewed
kiprinform.com,top10,виза цифрового кочевника на кипр условия,unknown,50,supporting,,niche_agency,enqueue,General business/info site to be reviewed
kobrincity.by,top10,какие страны дают шенген на год,BY,50,supporting,,niche_agency,enqueue,General business/info site to be reviewed
kod95-polska.by,top10,код 95 польша обучение для белорусов 2026,BY,50,supporting,,niche_agency,enqueue,General business/info site to be reviewed
kod95-polska.pl,top10,код 95 польша обучение для белорусов 2026,EU,50,supporting,,niche_agency,enqueue,General business/info site to be reviewed
kod95.by,top10,код 95 польша обучение для белорусов 2026,BY,50,supporting,,niche_agency,enqueue,General business/info site to be reviewed
kod95charter.com,top10,код 95 польша обучение для белорусов 2026,unknown,50,supporting,,niche_agency,enqueue,General business/info site to be reviewed
komkur.info,top10,thailand digital arrival card (tdac) как заполнить,unknown,50,supporting,,niche_agency,enqueue,General business/info site to be reviewed
kosmos.by,top10,стоимость апостиля в минске 225 рублей за документ,BY,50,supporting,,niche_agency,enqueue,General business/info site to be reviewed
kosmos95.by,top10,справка о несудимости мвд минск для визы,BY,50,supporting,,niche_agency,enqueue,General business/info site to be reviewed
kupala.by,top10,страховка для визы без доплат требования,BY,50,supporting,,niche_agency,enqueue,General business/info site to be reviewed
latwy-start.pl,source_resolved,запись на подачу в варшаве для граждан рб,EU,50,supporting,,niche_agency,enqueue,General business/info site to be reviewed
latwystart.pl,top10,минимальная зарплата в польше для внж 4806 злотых,EU,50,supporting,,niche_agency,enqueue,General business/info site to be reviewed
lauto.lv,top10,виза в латвию для водителей международников документы,EU,50,supporting,,niche_agency,enqueue,General business/info site to be reviewed
legal-immigration.pl,top10,аннулирование oświadczenie в PUP процедура,EU,50,supporting,,niche_agency,enqueue,General business/info site to be reviewed
legal-spain.com,top10,регистрация в системе соцстраха испании для номада,unknown,50,supporting,,niche_agency,enqueue,General business/info site to be reviewed
legalformula.by,top10,регистрация в системе ZUS польша для визы,BY,50,supporting,,niche_agency,enqueue,General business/info site to be reviewed
legalizebelarus.org,top10,польский проездной документ для белорусов оформление,unknown,50,supporting,,niche_agency,enqueue,General business/info site to be reviewed
lingua-by.com,top10,присяжный перевод документов для визы D,unknown,50,supporting,,niche_agency,enqueue,General business/info site to be reviewed
lingua-land.by,top10,легализация справок о несудимости для испании,BY,50,supporting,,niche_agency,enqueue,General business/info site to be reviewed
lingua-master.by,top10,перевод справки из банка на английский с заверением,BY,50,supporting,,niche_agency,enqueue,General business/info site to be reviewed
lingua-plus.by,top10,присяжный переводчик польского языка минск,BY,50,supporting,,niche_agency,enqueue,General business/info site to be reviewed
lingua.by,top10,перевод справки из банка на английский,BY,50,supporting,,niche_agency,enqueue,General business/info site to be reviewed
linguamaster.by,top10,срочное проставление апостиля минск цена,BY,50,supporting,,niche_agency,enqueue,General business/info site to be reviewed
linguaplus.by,top10,присяжный перевод на польский в минске,BY,50,supporting,,niche_agency,enqueue,General business/info site to be reviewed
lingvo24.by,top10,как поставить апостиль на диплом в минске,BY,50,supporting,,niche_agency,enqueue,General business/info site to be reviewed
lithuania.mfa.gov.by,top10,справка об отсутствии судимости сроки,BY,100,core,,government,enqueue,Official government/consulate source
losjurados.com,top10,виза цифрового кочевника испания для белорусов,unknown,50,supporting,,niche_agency,enqueue,General business/info site to be reviewed
madera.by,top10,повторная подача после отказа в шенгене правила,BY,50,supporting,,niche_agency,enqueue,General business/info site to be reviewed
madera.travel,top10,автоматизированный поиск свободных дат 24/7,unknown,70,core,,niche_agency,enqueue,Travel agency often providing visa services
maderatravel.by,top10,какие страны дают шенген на год,BY,70,core,,niche_agency,enqueue,Travel agency often providing visa services
manzhur.by,top10,справка о несудимости мвд минск для визы,BY,50,supporting,,niche_agency,enqueue,General business/info site to be reviewed
mapfre.es,top10,страховка sin copagos для визы испании купить,EU,50,supporting,,niche_agency,enqueue,General business/info site to be reviewed
mart.gov.by,top10,оплата госпошлины 790-038 из беларуси,BY,100,core,,government,enqueue,Official government/consulate source
mellow.io,top10,виза кочевника кипр 3500 евро список документов,unknown,50,supporting,,niche_agency,enqueue,General business/info site to be reviewed
mfa.am,top10,шенгенская виза через армению для белорусов,unknown,50,supporting,,niche_agency,enqueue,General business/info site to be reviewed
mfa.gov.by,both,агентство визовой поддержки беларусь,BY,100,core,,government,enqueue,"Belarusian MFA, official exit/entry regulations"
mfa.gov.lv,top10,виза в латвию для водителей международников документы,EU,100,core,,government,enqueue,Official government/consulate source
mfa.gr,top10,удаленная работа для консульства греции подтверждение,EU,50,supporting,,niche_agency,enqueue,General business/info site to be reviewed
migracia.org,top10,переезд в европу из беларуси 2025 варианты,unknown,50,supporting,,niche_agency,enqueue,General business/info site to be reviewed
migracija.lrv.lt,top10,работа в европе для айтишников 2026,EU,50,supporting,,niche_agency,enqueue,General business/info site to be reviewed
migraexpert.ru,top10,как подтвердить удаленную работу для консульства,unknown,50,supporting,geo_mismatch,niche_agency,review,General business/info site to be reviewed
migrant.by,top10,аннулирование oświadczenie в PUP процедура,BY,50,supporting,,niche_agency,enqueue,General business/info site to be reviewed
migrant.info.pl,top10,регистрация в системе ZUS польша для визы,EU,50,supporting,,niche_agency,enqueue,General business/info site to be reviewed
migrant.pl,top10,карта побыту по работе 2026 требования к зарплате,EU,50,supporting,,niche_agency,enqueue,General business/info site to be reviewed
migrant.poznan.uw.gov.pl,both,продление гуманитарной визы d21 в польше 2026,EU,100,core,,government,enqueue,Official government/consulate source
migrant.ru,top10,блокировка разрешений на работу в польше на 2 года,unknown,50,supporting,geo_mismatch,niche_agency,review,General business/info site to be reviewed
migrant.wsc.mazowieckie.pl,top10,запись на подачу в варшаве для граждан рб,EU,50,supporting,,niche_agency,enqueue,General business/info site to be reviewed
migrantservice.ru,top10,как подтвердить удаленную работу для консульства,unknown,50,supporting,geo_mismatch,niche_agency,review,General business/info site to be reviewed
migrantsupport.pl,top10,минимальная зарплата в польше для внж 4806 злотых,EU,50,supporting,,niche_agency,enqueue,General business/info site to be reviewed
migrantumir.com,top10,регистрация в системе соцстраха испании для номада,unknown,50,supporting,,niche_agency,enqueue,General business/info site to be reviewed
migraportugal.com,top10,накопления для визы d8 португалия 11040 евро,unknown,50,supporting,,niche_agency,enqueue,General business/info site to be reviewed
migraspana.ru,top10,анкета ex-01 на испанский внж заполнить,unknown,50,supporting,geo_mismatch,niche_agency,review,General business/info site to be reviewed
migrate.pro,top10,виза кочевника кипр 3500 евро список документов,unknown,50,supporting,,niche_agency,enqueue,General business/info site to be reviewed
migrating.by,top10,оформление ВНЖ через цифрового кочевника,BY,50,supporting,,niche_agency,enqueue,General business/info site to be reviewed
migration-group.com,top10,закон о стартапах испания 2025 изменения,unknown,50,supporting,,niche_agency,enqueue,General business/info site to be reviewed
migration.gov.gr,top10,удаленная работа для консульства греции подтверждение,EU,100,core,,government,enqueue,Official government/consulate source
migrationatlas.com,top10,требования к доходу для внж португалия 2026,unknown,50,supporting,,niche_agency,enqueue,General business/info site to be reviewed
migron.by,top10,правила въезда в оаэ для белорусов 90 дней,BY,50,supporting,,niche_agency,enqueue,General business/info site to be reviewed
migronis.com,top10,подбор недвижимости для внж португалия,unknown,50,supporting,,niche_agency,enqueue,General business/info site to be reviewed
migrun.id,top10,минимальный доход для визы кочевника испания 2026,unknown,50,supporting,,niche_agency,enqueue,General business/info site to be reviewed
migrun.io,top10,виза цифрового кочевника испания для белорусов,unknown,50,supporting,,niche_agency,enqueue,General business/info site to be reviewed
migrun.net,top10,лучшие страны для it релокации 2026,unknown,50,supporting,,niche_agency,enqueue,General business/info site to be reviewed
migrun.ru,top10,накопления для визы d8 португалия 11040 евро,unknown,50,supporting,geo_mismatch,niche_agency,review,General business/info site to be reviewed
minjust.gov.by,top10,оплата госпошлины 790-038 из беларуси,BY,100,core,,government,enqueue,Official government/consulate source
minpriroda.gov.by,source_resolved,автоматический отлов слотов минск,BY,100,core,,government,enqueue,Official government/consulate source
minsk-perevod.by,top10,нотариальное заверение переводов минск,BY,70,supporting,,niche_agency,enqueue,Translation/Legal services for visa documents
minsk-region.gov.by,top10,оплата госпошлины 790-038 из беларуси,BY,100,core,,government,enqueue,Official government/consulate source
minsk.1prof.by,top10,санкции за невыход на работу в польше 2 года,BY,50,supporting,,niche_agency,enqueue,General business/info site to be reviewed
minsk.cci.by,top10,нотариальное заверение переводов минск,BY,50,supporting,,niche_agency,enqueue,General business/info site to be reviewed
minsk.diplo.de,both,записаться в визовый центр минск,EU,100,core,,consulate,enqueue,"Official German embassy, critical for long-term appointments"
minsk.gov.by,top10,апостиль минск стоимость 5 базовых величин,BY,100,core,,government,enqueue,Official government/consulate source
minsk.just.gov.by,top10,апостиль за 3 дня минск,BY,100,core,,government,enqueue,Official government/consulate source
minsk.mfa.ee,top10,заполнение визовой анкеты онлайн,EU,50,supporting,,niche_agency,enqueue,General business/info site to be reviewed
minsk.mfa.gov.hu,top10,как поймать слот на визу в венгрию,EU,100,core,,government,enqueue,Official government/consulate source
minsk.msz.gov.pl,top10,польская виза d 60 евро консульский сбор,EU,100,core,,government,enqueue,Official government/consulate source
minsk.mvd.gov.by,top10,справка об отсутствии судимости сроки,BY,100,core,,government,enqueue,Official government/consulate source
minsknews.by,top10,поставить апостиль на диплом лично владельцем,BY,50,supporting,,niche_agency,enqueue,General business/info site to be reviewed
mintrud.gov.by,top10,как подтвердить стаж 3 года для номада,BY,100,core,,government,enqueue,Official government/consulate source
mircare.biz,top10,переезд в европу из беларуси 2025 варианты,unknown,50,supporting,,niche_agency,enqueue,General business/info site to be reviewed
mircare.com,top10,виза цифрового кочевника испания для белорусов,unknown,50,supporting,,niche_agency,enqueue,General business/info site to be reviewed
mircare.io,top10,накопления для визы d8 португалия 11040 евро,unknown,50,supporting,,niche_agency,enqueue,General business/info site to be reviewed
mircare.pro,top10,минимальный доход для визы кочевника испания 2026,unknown,50,supporting,,niche_agency,enqueue,General business/info site to be reviewed
mircare.ru,top10,минимальный доход номада испания 2849 евро в месяц,unknown,50,supporting,geo_mismatch,niche_agency,review,General business/info site to be reviewed
mirovoe.by,top10,проверка паспорта на 2 чистые страницы для визы,BY,50,supporting,,niche_agency,enqueue,General business/info site to be reviewed
mn-visa.ru,top10,выкупленные авиабилеты для визы в германию,unknown,90,core,geo_mismatch,niche_agency,review,Niche agency focused on visas
moi.gov.cy,top10,виза кочевника кипр 3500 евро список документов,unknown,100,core,,government,enqueue,Official government/consulate source
money.onliner.by,top10,получить шенген через визовый центр,BY,40,supporting,,news,review,Media/Forum - might contain outdated info or noise
mos-pl.com,top10,черный список СИС шенген как проверить,unknown,50,supporting,,niche_agency,enqueue,General business/info site to be reviewed
mos.cudzoziemcy.gov.pl,top10,карта побыту по работе 2026 требования к зарплате,EU,100,core,,government,enqueue,Official government/consulate source
moscou.embaixadaportugal.mne.gov.pt,top10,виза d8 португалия документы,EU,100,core,,government,enqueue,Official government/consulate source
most-media.es,top10,запись в визовый центр через бот отзывы,EU,50,supporting,,niche_agency,enqueue,General business/info site to be reviewed
mostmedia.io,both,гуманитарная виза в польшу d21,unknown,40,supporting,,news,review,Media/Forum - might contain outdated info or noise
movetospainguide.com,top10,форма 790 код 038 оплата госпошлины испания,unknown,50,supporting,,niche_agency,enqueue,General business/info site to be reviewed
mpt.gov.by,both,агентство визовой поддержки беларусь,BY,100,core,,government,enqueue,Official government/consulate source
msc-visa.ru,top10,отказ в немецком шенгене причины 2025,unknown,90,core,geo_mismatch,niche_agency,review,Niche agency focused on visas
multi-visa.by,top10,как получить nie в минске,BY,90,core,,niche_agency,enqueue,Niche agency focused on visas
muztur.by,both,проверка паспорта на 2 чистые страницы для визы,BY,50,supporting,,niche_agency,enqueue,General business/info site to be reviewed
mvd.gov.by,top10,легализация справок о несудимости для испании,BY,100,core,,government,enqueue,Official government/consulate source
my-travel.by,top10,апелляция на отказ в польской визе сроки,BY,70,core,,niche_agency,enqueue,Travel agency often providing visa services
myauto.by,top10,виза в латвию для водителей международников документы,BY,50,supporting,,niche_agency,enqueue,General business/info site to be reviewed
mycitizen.agency,top10,лучшие страны для it релокации 2026,unknown,50,supporting,,niche_agency,enqueue,General business/info site to be reviewed
myfin.by,top10,получить шенген через визовый центр,BY,50,supporting,,news,review,"Financial news, useful for bank statement requirements"
myvisa.by,top10,мониторинг дат визовый центр греции телеграм,BY,90,core,,niche_agency,enqueue,Niche agency focused on visas
myvisa.world,top10,виза во вьетнам для белорусов 2026 условия,unknown,90,core,,niche_agency,enqueue,Niche agency focused on visas
myviza.by,top10,автоматическая запись на визу в германию,BY,90,core,,niche_agency,enqueue,Niche agency focused on visas
nabokov.by,top10,запись в мид на апостиль 2026,BY,50,supporting,,niche_agency,enqueue,General business/info site to be reviewed
nalog.gov.by,top10,оплата госпошлины 790-038 из беларуси,BY,100,core,,government,enqueue,Official government/consulate source
napolshu.com,top10,аннулирование oświadczenie в PUP процедура,unknown,50,supporting,,niche_agency,enqueue,General business/info site to be reviewed
nashaplaneta.net,top10,виза во вьетнам для белорусов 2026 условия,unknown,50,supporting,,niche_agency,enqueue,General business/info site to be reviewed
ncmps.by,top10,апостиль минск стоимость 5 базовых величин,BY,50,supporting,,niche_agency,enqueue,General business/info site to be reviewed
neg.by,top10,апостиль минск стоимость 5 базовых величин,BY,50,supporting,,niche_agency,enqueue,General business/info site to be reviewed
newgrodno.by,top10,список стран шенгена дающих визы белорусам,BY,50,supporting,,niche_agency,enqueue,General business/info site to be reviewed
news.zerkalo.io,both,польский проездной документ для белорусов оформление,unknown,50,supporting,,niche_agency,enqueue,General business/info site to be reviewed
nihe.by,top10,апостиль минск стоимость 5 базовых величин,BY,50,supporting,,niche_agency,enqueue,General business/info site to be reviewed
notion.so,top10,перевод документов хурадо для визы кочевника,unknown,50,supporting,,niche_agency,enqueue,General business/info site to be reviewed
now.alfabank.by,top10,перевод справки из банка на английский,BY,50,supporting,,insurance,review,Financial institution for guarantees
now.by,top10,нотариальное заверение переводов минск,BY,50,supporting,,niche_agency,enqueue,General business/info site to be reviewed
officelife.media,both,шенген для белорусов 2026 цена,unknown,40,supporting,,news,review,Media/Forum - might contain outdated info or noise
okno.agency,top10,консультация по визе цифрового кочевника,unknown,50,supporting,,niche_agency,enqueue,General business/info site to be reviewed
oneplus.pl,top10,блокировка разрешений на работу в польше на 2 года,EU,50,supporting,,niche_agency,enqueue,General business/info site to be reviewed
onliner.by,top10,запись в вц польши через личный кабинет верификация,BY,40,supporting,,news,review,Media/Forum - might contain outdated info or noise
opentoeurope.eu,top10,отказ в польской визе что делать 2025,unknown,50,supporting,,niche_agency,enqueue,General business/info site to be reviewed
openviza.by,both,оформить шенгенскую визу быстро,BY,90,core,,niche_agency,enqueue,Strong blog with March 2026 updates for UK/Poland
otpusk.by,top10,туристический шенген греция минск,BY,50,supporting,,niche_agency,enqueue,General business/info site to be reviewed
otzovik.com,top10,визовое агентство минск отзывы 2025,unknown,50,supporting,,niche_agency,enqueue,General business/info site to be reviewed
ozen.by,top10,фото на шенгенскую визу требования,BY,50,supporting,,niche_agency,enqueue,General business/info site to be reviewed
pac.ru,top10,электронная виза в таиланд e-visa 2025 белорусы,unknown,50,supporting,geo_mismatch,niche_agency,review,General business/info site to be reviewed
panda-travel.by,source_resolved,как поймать слот в визовый центр германии,BY,70,core,,niche_agency,enqueue,Travel agency often providing visa services
pandatravel.by,top10,выкупленные авиабилеты для визы в германию,BY,70,core,,niche_agency,enqueue,Travel agency often providing visa services
pashli.by,top10,оформление ВНЖ через цифрового кочевника,BY,50,supporting,,niche_agency,enqueue,General business/info site to be reviewed
pasport.online,source_resolved,отказ в польской визе что делать 2025,unknown,50,supporting,,niche_agency,enqueue,General business/info site to be reviewed
pasportivity.com,top10,виза цифрового кочевника португалия доход 3680 евро,unknown,50,supporting,,niche_agency,enqueue,General business/info site to be reviewed
passport-online.by,top10,отказ в польской визе что делать 2025,BY,50,supporting,,niche_agency,enqueue,General business/info site to be reviewed
passportivity.com,top10,виза цифрового кочевника испания для белорусов,other,80,supporting,,aggregator,enqueue,"Global mobility data, good for comparison"
pasypart.by,top10,польский проездной документ для белорусов оформление,BY,50,supporting,,niche_agency,enqueue,General business/info site to be reviewed
people.onliner.by,both,куда проще получить визу белорусу в 2026 году,BY,40,supporting,,news,review,Media/Forum - might contain outdated info or noise
peopletravel.by,top10,виза в таиланд на 60 дней в минске документы,BY,70,core,,niche_agency,enqueue,Travel agency often providing visa services
perevedi.by,top10,консультация по визе цифрового кочевника,BY,85,supporting,,niche_agency,enqueue,Leading translation service for visa documents
perevesti.by,top10,перевод справки из банка на английский с заверением,BY,50,supporting,,niche_agency,enqueue,General business/info site to be reviewed
perevod-minsk.by,top10,присяжный переводчик польского языка минск,BY,70,supporting,,niche_agency,enqueue,Translation/Legal services for visa documents
perevod.by,top10,как поставить апостиль на диплом в минске,BY,70,supporting,,niche_agency,enqueue,Translation/Legal services for visa documents
perevodim.by,top10,присяжный переводчик польского языка минск,BY,70,supporting,,niche_agency,enqueue,Translation/Legal services for visa documents
pieraklad.com,top10,запись на апостиль мид через пл. победы,unknown,50,supporting,,niche_agency,enqueue,General business/info site to be reviewed
pierakladcom.by,top10,апостиль за 3 дня минск,BY,50,supporting,,niche_agency,enqueue,General business/info site to be reviewed
piligrimos.by,top10,какие страны дают шенген на год,BY,50,supporting,,niche_agency,enqueue,General business/info site to be reviewed
piligrimos.com,source_resolved,список стран шенгена дающих визы белорусам,unknown,50,supporting,,niche_agency,enqueue,General business/info site to be reviewed
pinskmedia.by,top10,отказ в польской визе что делать 2025,BY,50,supporting,,niche_agency,enqueue,General business/info site to be reviewed
pl.usembassy.gov,top10,подача на американскую визу в варшаве для белорусов,unknown,100,core,,government,enqueue,Official government/consulate source
poedu.by,both,гуманитарная виза в польшу d21,BY,50,supporting,,niche_agency,enqueue,General business/info site to be reviewed
poland-consult.com,both,рабочая виза в польшу d05a,unknown,50,supporting,,niche_agency,enqueue,General business/info site to be reviewed
poland-consultant.com,top10,карта побыту по работе 2026 требования к зарплате,unknown,50,supporting,,niche_agency,enqueue,General business/info site to be reviewed
poland-visa.by,top10,рабочая виза водителя тип d 365 дней,BY,90,core,,niche_agency,enqueue,Niche agency focused on visas
poland-viza.by,top10,запись на визу по карте поляка минск,BY,90,core,,niche_agency,enqueue,Niche agency focused on visas
poland.mfa.gov.by,both,блокировка права на работу в польше как проверить,BY,100,core,,government,enqueue,Official government/consulate source
polis812.ru,top10,страховка для шенгена с покрытием ковид 2026,unknown,50,supporting,geo_mismatch,niche_agency,review,General business/info site to be reviewed
polkonsalt.com,top10,санкции за невыход на работу в польше 2 года,unknown,50,supporting,,niche_agency,enqueue,General business/info site to be reviewed
pollegal.pl,top10,минимальная зарплата в польше для внж 4806 злотых,EU,50,supporting,,niche_agency,enqueue,General business/info site to be reviewed
polskikonsultant.pl,top10,код 95 польша обучение для белорусов 2026,EU,50,supporting,,niche_agency,enqueue,General business/info site to be reviewed
polskiperevod.by,top10,присяжный переводчик польского языка минск,BY,70,supporting,,niche_agency,enqueue,Translation/Legal services for visa documents
polsza.by,top10,регистрация в системе ZUS польша для визы,BY,50,supporting,,niche_agency,enqueue,General business/info site to be reviewed
pomocprawna.org,top10,польский проездной документ для белорусов оформление,unknown,50,supporting,,niche_agency,enqueue,General business/info site to be reviewed
portugal-residency.com,top10,оформление ВНЖ через цифрового кочевника,unknown,50,supporting,,niche_agency,enqueue,General business/info site to be reviewed
pos.tlscontact.com,top10,визовый центр официальный сайт,unknown,100,core,,visa_center,enqueue,Official visa processing center
poshport.by,top10,виза цифрового кочевника португалия доход 3680 евро,BY,50,supporting,,niche_agency,enqueue,General business/info site to be reviewed
poshuk.by,top10,накопления для визы d8 португалия 11040 евро,BY,50,supporting,,niche_agency,enqueue,General business/info site to be reviewed
pra.by,top10,блокировка права на работу в польше как проверить,BY,50,supporting,,niche_agency,enqueue,General business/info site to be reviewed
praca.gov.pl,top10,аннулирование oświadczenie в PUP процедура,EU,100,core,,government,enqueue,Official government/consulate source
pravdasevera.ru,top10,закон о стартапах испания 2025 изменения,unknown,50,supporting,geo_mismatch,niche_agency,review,General business/info site to be reviewed
pravo.by,both,агентство визовой поддержки беларусь,BY,100,supporting,,government,enqueue,Official legal database for visa-related decrees
premiumviza.by,both,гарантия записи в визовый центр,BY,90,core,,niche_agency,enqueue,Niche agency focused on visas
president.gov.by,top10,поставить апостиль на диплом лично владельцем,BY,100,core,,government,enqueue,Official government/consulate source
prian.ru,top10,минимальный доход для визы кочевника испания 2026,unknown,50,supporting,geo_mismatch,niche_agency,review,General business/info site to be reviewed
priorbank.by,top10,выписка со счета в евро для визы,BY,50,supporting,,insurance,review,Financial institution for guarantees
pro-perevod.by,top10,присяжный перевод документов для визы D,BY,70,supporting,,niche_agency,enqueue,Translation/Legal services for visa documents
pro-visa.by,top10,премиум зал вфс глобал минск запись,BY,90,core,,niche_agency,enqueue,Niche agency focused on visas
profiteh.by,top10,свидетельство водителя международника для визы,BY,50,supporting,,niche_agency,enqueue,General business/info site to be reviewed
profkadrovik.ru,top10,как подтвердить удаленную работу для консульства,unknown,50,supporting,geo_mismatch,niche_agency,review,General business/info site to be reviewed
proforg.com,top10,лучшие страны для it релокации 2026,unknown,50,supporting,,niche_agency,enqueue,General business/info site to be reviewed
promtransinvest.by,top10,страховка для визы без доплат требования,BY,50,supporting,,niche_agency,enqueue,General business/info site to be reviewed
pronomad.ru,top10,виза кочевника кипр 3500 евро список документов,unknown,50,supporting,geo_mismatch,niche_agency,review,General business/info site to be reviewed
prostospain.com,top10,форма 790 код 038 оплата госпошлины испания,unknown,50,supporting,,niche_agency,enqueue,General business/info site to be reviewed
psychology.by,top10,психотесты и медкомиссия для работы водителем в ес,BY,50,supporting,,niche_agency,enqueue,General business/info site to be reviewed
qna.habr.com,top10,как подтвердить удаленную работу для консульства,unknown,50,supporting,,niche_agency,enqueue,General business/info site to be reviewed
quazarhouses.com,top10,виза цифрового кочевника португалия доход 3680 евро,unknown,50,supporting,,niche_agency,enqueue,General business/info site to be reviewed
recruitment.by,top10,как уехать работать в европу из минска,BY,50,supporting,,niche_agency,enqueue,General business/info site to be reviewed
reestri.by,top10,регистрация в системе ZUS польша для визы,BY,50,supporting,,niche_agency,enqueue,General business/info site to be reviewed
reform.news,top10,польская виза d 60 евро консульский сбор,unknown,50,supporting,,niche_agency,enqueue,General business/info site to be reviewed
relax.by,top10,визовое агентство минск отзывы 2025,BY,50,supporting,,niche_agency,enqueue,General business/info site to be reviewed
relocant.by,top10,консультация по релокации испания,BY,50,supporting,,niche_agency,enqueue,General business/info site to be reviewed
relocate-group.com,top10,минимальный доход для визы кочевника испания 2026,unknown,50,supporting,,niche_agency,enqueue,General business/info site to be reviewed
relocate.me,top10,виза цифрового кочевника португалия доход 3680 евро,unknown,50,supporting,,niche_agency,enqueue,General business/info site to be reviewed
relocation-prosto.com,top10,white card венгрия воссоединение семьи 2026,unknown,50,supporting,,niche_agency,enqueue,General business/info site to be reviewed
relocation-prosto.ru,top10,white card венгрия условия 2026,unknown,50,supporting,geo_mismatch,niche_agency,review,General business/info site to be reviewed
relocation.by,top10,регистрация в системе соцстраха испании для номада,BY,50,supporting,,niche_agency,enqueue,General business/info site to be reviewed
relocation2armenia.com,top10,шенгенская виза через армению для белорусов,unknown,50,supporting,,niche_agency,enqueue,General business/info site to be reviewed
relocationcompass.com,top10,требования к доходу для внж португалия 2026,unknown,50,supporting,,niche_agency,enqueue,General business/info site to be reviewed
relocats.com,top10,причины отказа в визе цифрового кочевника 2026,unknown,50,supporting,,niche_agency,enqueue,General business/info site to be reviewed
relocode.com,top10,подготовка анкеты ex-01 для номада,unknown,50,supporting,,niche_agency,enqueue,General business/info site to be reviewed
relocode.eu,top10,виза d8 португалия документы,unknown,50,supporting,,niche_agency,enqueue,General business/info site to be reviewed
relocode.pro,top10,оформление ВНЖ через цифрового кочевника,unknown,50,supporting,,niche_agency,enqueue,General business/info site to be reviewed
relocup.com,top10,лучшие страны для it релокации 2026,unknown,50,supporting,,niche_agency,enqueue,General business/info site to be reviewed
relokator.es,top10,подготовка анкеты ex-01 для номада,EU,50,supporting,,niche_agency,enqueue,General business/info site to be reviewed
relospain.ru,top10,консультация по релокации испания,unknown,50,supporting,geo_mismatch,niche_agency,review,General business/info site to be reviewed
relyon-relocation.com,top10,подбор недвижимости для внж португалия,unknown,50,supporting,,niche_agency,enqueue,General business/info site to be reviewed
reoloc.pt,top10,накопления для визы d8 португалия 11040 евро,EU,50,supporting,,niche_agency,enqueue,General business/info site to be reviewed
repatriation.by,top10,требования к доходу для внж португалия 2026,BY,50,supporting,,niche_agency,enqueue,General business/info site to be reviewed
revera.cy,top10,виза цифрового кочевника на кипр условия,unknown,50,supporting,,niche_agency,enqueue,General business/info site to be reviewed
revera.legal,top10,апостиль министерство образования электронная очередь,unknown,50,supporting,,niche_agency,enqueue,General business/info site to be reviewed
ria-interpress.com,top10,апелляция на отказ в визе испания,unknown,50,supporting,,niche_agency,enqueue,General business/info site to be reviewed
rise-capital.by,top10,нотариальное заверение копий документов для внж,BY,50,supporting,,niche_agency,enqueue,General business/info site to be reviewed
risel.es,top10,консультация по релокации испания,EU,50,supporting,,niche_agency,enqueue,General business/info site to be reviewed
romaniuk-partners.com,top10,санкции за невыход на работу в польше 2 года,unknown,50,supporting,,niche_agency,enqueue,General business/info site to be reviewed
ru-by.gvcworld.eu,top10,мобильный визовый центр минск 292 рубля вфс,unknown,50,supporting,,niche_agency,enqueue,General business/info site to be reviewed
ru-gr.gvcworld.eu,top10,мониторинг дат визовый центр греции телеграм,unknown,50,supporting,,niche_agency,enqueue,General business/info site to be reviewed
ru.belsat.eu,source_resolved,самые лояльные страны шенгена для белорусов 2026,EU,50,supporting,,niche_agency,enqueue,General business/info site to be reviewed
ru.wikipedia.org,both,минимальная зарплата в польше для внж 4806 злотых,unknown,10,noise,,noise,exclude,High-level noise/social media
salariominimo.es,top10,расчет SMI испания 2026 для цифрового кочевника,EU,50,supporting,,niche_agency,enqueue,General business/info site to be reviewed
samui-rest.ru,top10,thailand digital arrival card (tdac) как заполнить,unknown,50,supporting,geo_mismatch,niche_agency,review,General business/info site to be reviewed
sanitas.es,top10,страховка sin copagos для визы испании купить,EU,50,supporting,,niche_agency,enqueue,General business/info site to be reviewed
sayup.by,top10,присяжный переводчик польского языка минск,BY,50,supporting,,niche_agency,enqueue,General business/info site to be reviewed
sb.by,top10,апостиль министерство образования электронная очередь,BY,50,supporting,,niche_agency,enqueue,General business/info site to be reviewed
schengen.by,top10,аннулирование oświadczenie в PUP процедура,BY,90,core,,niche_agency,enqueue,Niche agency focused on visas
schmidt-export.ru,top10,апостиль минск 5 базовых величин 2026 год,unknown,50,supporting,geo_mismatch,niche_agency,review,General business/info site to be reviewed
secure.e-konsulat.gov.pl,top10,помощь в получении национальной визы польши,EU,100,core,,government,enqueue,Official government/consulate source
segurcaixaadeslas.es,top10,страховка sin copagos для визы испании купить,EU,50,supporting,,niche_agency,enqueue,General business/info site to be reviewed
seguro.expert,top10,страховка для визы nomad испания требования,unknown,50,supporting,,niche_agency,enqueue,General business/info site to be reviewed
shengen-viza.by,top10,виза в литву через посольство в минске 2026,BY,90,core,,niche_agency,enqueue,Niche agency focused on visas
shengen.by,top10,виза в польшу через брестскую юрисдикцию цена,BY,90,core,,niche_agency,enqueue,Niche agency focused on visas
shengenviza.by,top10,оформить шенгенскую визу быстро,BY,90,core,,niche_agency,enqueue,Niche agency focused on visas
siam-legal.ru,top10,виза dtv таиланд для белорусов условия,unknown,50,supporting,geo_mismatch,niche_agency,review,General business/info site to be reviewed
siiami.pl,top10,карта побыту по работе 2026 требования к зарплате,EU,50,supporting,,niche_agency,enqueue,General business/info site to be reviewed
skillbox.ru,top10,работа в европе для айтишников 2026,unknown,50,supporting,geo_mismatch,niche_agency,review,General business/info site to be reviewed
skilldocs.eu,top10,запись на подачу в варшаве для граждан рб,unknown,50,supporting,,niche_agency,enqueue,General business/info site to be reviewed
sletaem.by,top10,автоматизированный поиск свободных дат 24/7,BY,50,supporting,,niche_agency,enqueue,General business/info site to be reviewed
smartpress.by,top10,какие страны дают шенген на год,BY,50,supporting,,niche_agency,enqueue,General business/info site to be reviewed
solemare.by,top10,электронная виза в таиланд e-visa 2025 белорусы,BY,50,supporting,,niche_agency,enqueue,General business/info site to be reviewed
spain-help.ru,top10,анкета ex-01 на испанский внж заполнить,unknown,50,supporting,geo_mismatch,niche_agency,review,General business/info site to be reviewed
spain-lawyer.com,top10,апелляция на отказ в визе испания,unknown,50,supporting,,niche_agency,enqueue,General business/info site to be reviewed
spain-life.info,top10,форма 790 код 038 оплата госпошлины испания,unknown,50,supporting,,niche_agency,enqueue,General business/info site to be reviewed
spain-media.es,top10,перевод документов на испанский хурадо,EU,50,supporting,,niche_agency,enqueue,General business/info site to be reviewed
spain-visa.pro,top10,страховка sin copagos для визы испании купить,unknown,90,core,,niche_agency,enqueue,Niche agency focused on visas
spain-visas.by,top10,как получить nie в минске,BY,90,core,,niche_agency,enqueue,Niche agency focused on visas
spain.mfa.gov.by,top10,форма 790 код 038 оплата госпошлины испания,BY,100,core,,government,enqueue,Official government/consulate source
spain.org.ru,top10,оплата госпошлины 790-038 из беларуси,unknown,50,supporting,geo_mismatch,niche_agency,review,General business/info site to be reviewed
spainfaq.ru,top10,форма 790 код 038 оплата госпошлины испания,unknown,50,supporting,geo_mismatch,niche_agency,review,General business/info site to be reviewed
spainforlife.com,top10,оплата госпошлины 790-038 из беларуси,unknown,50,supporting,,niche_agency,enqueue,General business/info site to be reviewed
spanish-profi.ru,top10,перевод документов на испанский хурадо,unknown,50,supporting,geo_mismatch,niche_agency,review,General business/info site to be reviewed
spex.by,top10,как подтвердить стаж 3 года для номада,BY,50,supporting,,niche_agency,enqueue,General business/info site to be reviewed
spok.by,top10,как подтвердить стаж 3 года для номада,BY,50,supporting,,niche_agency,enqueue,General business/info site to be reviewed
startruck.pl,top10,код 95 польша обучение для белорусов 2026,EU,50,supporting,,niche_agency,enqueue,General business/info site to be reviewed
static.tlscontact.com,source_resolved,проверка паспорта на 2 чистые страницы для визы,unknown,100,core,,visa_center,enqueue,Official visa processing center
stolbzyles.by,source_resolved,автоматический отлов слотов минск,BY,50,supporting,,niche_agency,enqueue,General business/info site to be reviewed
studiaperevodov.by,top10,стоимость апостиля в минске 225 рублей за документ,BY,70,supporting,,niche_agency,enqueue,Translation/Legal services for visa documents
sunray.by,top10,виза dtv таиланд для белорусов условия,BY,50,supporting,,niche_agency,enqueue,General business/info site to be reviewed
sunrise-legal.pl,top10,черный список СИС (SIS) как узнать наличие,EU,50,supporting,,niche_agency,enqueue,General business/info site to be reviewed
t-v.by,top10,виза кочевника кипр 3500 евро список документов,BY,50,supporting,,niche_agency,enqueue,General business/info site to be reviewed
t.me,top10,мониторинг окон визовый центр телеграм,unknown,40,supporting,,news,review,Media/Forum - might contain outdated info or noise
tdac.immigration.go.th,top10,thailand digital arrival card (tdac) как заполнить,unknown,50,supporting,,niche_agency,enqueue,General business/info site to be reviewed
teeal.pl,top10,блокировка разрешений на работу в польше на 2 года,EU,50,supporting,,niche_agency,enqueue,General business/info site to be reviewed
tehnowar.ru,source_resolved,проверка паспорта на 2 чистые страницы для визы,unknown,50,supporting,geo_mismatch,niche_agency,review,General business/info site to be reviewed
telegraf.news,top10,апостиль министерство образования электронная очередь,unknown,50,supporting,,niche_agency,enqueue,General business/info site to be reviewed
terrana.by,top10,виза цифрового кочевника испания для белорусов,BY,50,supporting,,niche_agency,enqueue,General business/info site to be reviewed
terrana.ru,top10,виза d8 португалия документы,unknown,50,supporting,geo_mismatch,niche_agency,review,General business/info site to be reviewed
terranavisa.com,top10,белая карта венгрия для семьи,unknown,90,core,,niche_agency,enqueue,Niche agency focused on visas
tez-tour.com,top10,электронная виза в таиланд e-visa 2025 белорусы,unknown,70,core,,niche_agency,enqueue,Travel agency often providing visa services
th.by,top10,доля многократных виз (mev) италия франция германия,BY,50,supporting,,niche_agency,enqueue,General business/info site to be reviewed
thaiconsul.by,top10,электронная виза в таиланд e-visa 2025 белорусы,BY,50,supporting,,niche_agency,enqueue,General business/info site to be reviewed
thaiconsulate.by,top10,виза dtv таиланд для белорусов условия,BY,50,supporting,,niche_agency,enqueue,General business/info site to be reviewed
thaiembassy.com,top10,виза dtv таиланд для белорусов условия,unknown,50,supporting,,niche_agency,enqueue,General business/info site to be reviewed
thaievisa.go.th,top10,электронная виза в таиланд e-visa 2025 белорусы,unknown,90,core,,niche_agency,enqueue,Niche agency focused on visas
thailand.mid.ru,top10,thailand digital arrival card (tdac) как заполнить,unknown,50,supporting,geo_mismatch,niche_agency,review,General business/info site to be reviewed
tio.by,top10,спонсорское письмо для визы ребенку образец,BY,50,supporting,,niche_agency,enqueue,General business/info site to be reviewed
tlt.by,top10,легализация справок о несудимости для испании,BY,50,supporting,,niche_agency,enqueue,General business/info site to be reviewed
tochka.by,both,учебная виза в польшу для студентов,BY,40,supporting,,news,review,Media/Forum - might contain outdated info or noise
tonkosti.ru,top10,выписка со счета в евро для визы,unknown,50,supporting,geo_mismatch,niche_agency,review,General business/info site to be reviewed
topgroup.by,top10,присяжный перевод на польский в минске,BY,50,supporting,,niche_agency,enqueue,General business/info site to be reviewed
tour-kassa.ru,top10,thailand digital arrival card (tdac) как заполнить,unknown,70,core,geo_mismatch,niche_agency,review,Travel agency often providing visa services
tourday.by,top10,подтверждение финансов шенген 150 евро на день,BY,70,core,,niche_agency,enqueue,Travel agency often providing visa services
translate.by,top10,стоимость апостиля в минске 225 рублей за документ,BY,50,supporting,,niche_agency,enqueue,General business/info site to be reviewed
translatio.by,top10,перевод справки из банка на английский,BY,50,supporting,,niche_agency,enqueue,General business/info site to be reviewed
translation.by,top10,присяжный перевод на польский в минске,BY,50,supporting,,niche_agency,enqueue,General business/info site to be reviewed
transwells.by,top10,нотариальное заверение переводов минск,BY,50,supporting,,niche_agency,enqueue,General business/info site to be reviewed
travel-house.by,top10,виза в сша для белорусов через ереван 2026,BY,70,core,,niche_agency,enqueue,Travel agency often providing visa services
travelgroup.by,top10,справка о доходах за 6 месяцев для визы сша,BY,70,core,,niche_agency,enqueue,Travel agency often providing visa services
travelhub.by,top10,электронная виза в таиланд e-visa 2025 белорусы,BY,70,core,,niche_agency,enqueue,Travel agency often providing visa services
traveling.by,top10,шенген для белорусов 2026 цена,BY,70,core,,niche_agency,enqueue,Travel agency often providing visa services
tropic-tours.ru,top10,thailand digital arrival card (tdac) как заполнить,unknown,70,core,geo_mismatch,niche_agency,review,Travel agency often providing visa services
turkiye.mfa.gov.by,top10,запись в МИД на легализацию документов,BY,100,core,,government,enqueue,Official government/consulate source
tut-visa.by,top10,виза в италию для белорусов статистика выдачи,BY,90,core,,niche_agency,enqueue,Niche agency focused on visas
tut-viza.by,top10,сопровождение на внж испании,BY,90,core,,niche_agency,enqueue,Niche agency focused on visas
tutvisa.by,both,записаться в визовый центр минск,BY,95,core,,niche_agency,enqueue,"Active agency (OOO TUT-travel), specialized in Schengen/Germany"
udf.name,top10,польский проездной документ для белорусов оформление,unknown,50,supporting,,niche_agency,enqueue,General business/info site to be reviewed
ukombinat.by,top10,свидетельство водителя международника для визы,BY,50,supporting,,niche_agency,enqueue,General business/info site to be reviewed
ustraveldocs.com,top10,подача на американскую визу в варшаве для белорусов,unknown,100,core,,visa_center,enqueue,Official visa processing center
uway.by,top10,ловля дат в посольство ботом,BY,50,supporting,,niche_agency,enqueue,General business/info site to be reviewed
uway.ru,top10,бот для записи в визовый центр vfs,unknown,50,supporting,geo_mismatch,niche_agency,review,General business/info site to be reviewed
v-evropu.by,top10,бронь отеля для визы без оплаты для вц,BY,50,supporting,,niche_agency,enqueue,General business/info site to be reviewed
v1za.by,both,записаться в визовый центр минск,BY,50,supporting,,niche_agency,enqueue,General business/info site to be reviewed
vandrouki.by,top10,регистрация в системе соцстраха испании для номада,BY,50,supporting,,niche_agency,enqueue,General business/info site to be reviewed
vashavisa.by,both,шенген для белорусов 2026 цена,BY,90,core,,niche_agency,enqueue,"Covers 50+ countries, active business visa expertise"
vc.ru,top10,анкета ex-01 на испанский внж заполнить,unknown,50,supporting,geo_mismatch,niche_agency,review,General business/info site to be reviewed
vertex-global.by,top10,выкупленные авиабилеты для визы в германию,BY,50,supporting,,niche_agency,enqueue,General business/info site to be reviewed
vertex-visa.by,top10,виза в германию через астану или баку 2026,BY,90,core,,niche_agency,enqueue,Niche agency focused on visas
vertex.by,top10,запись на апостиль мид через пл. победы,BY,50,supporting,,niche_agency,enqueue,General business/info site to be reviewed
vfsglobal.by,top10,мобильный визовый центр минск цена,BY,50,supporting,,niche_agency,enqueue,General business/info site to be reviewed
vfsglobal.com,both,записаться в визовый центр минск,unknown,100,core,,visa_center,enqueue,Official visa processing center
vhate.by,top10,thailand digital arrival card (tdac) как заполнить,BY,50,supporting,,niche_agency,enqueue,General business/info site to be reviewed
vi3a.by,top10,бот для записи в визовый центр vfs,BY,50,supporting,,niche_agency,enqueue,General business/info site to be reviewed
visa-bot.by,top10,автоматизированный поиск свободных дат 24/7,BY,90,core,,niche_agency,enqueue,Niche agency focused on visas
visa-brest.by,top10,бот для записи в визовый центр vfs,BY,90,core,,niche_agency,enqueue,Niche agency focused on visas
visa-by.com,top10,шенген через москву для граждан рб актуально,unknown,90,core,,niche_agency,enqueue,Niche agency focused on visas
visa-center.by,top10,повторная подача после отказа в визе d,BY,90,core,,niche_agency,enqueue,Niche agency focused on visas
visa-comfort.ru,top10,черный список СИС шенген как проверить,unknown,90,core,geo_mismatch,niche_agency,review,Niche agency focused on visas
visa-exp.com,top10,спонсорское письмо для визы ребенку образец,unknown,90,core,,niche_agency,enqueue,Niche agency focused on visas
visa-guru.ru,top10,бот для записи в визовый центр vfs,unknown,90,core,geo_mismatch,niche_agency,review,Niche agency focused on visas
visa-minsk.by,top10,виза в литву через посольство в минске 2026,BY,90,core,,niche_agency,enqueue,Niche agency focused on visas
visa-polska.by,top10,запись на визу по карте поляка минск,BY,90,core,,niche_agency,enqueue,Niche agency focused on visas
visa-portugal.by,top10,требования к доходу для внж португалия 2026,BY,90,core,,niche_agency,enqueue,Niche agency focused on visas
visa-service-center.com,top10,бот для записи в визовый центр vfs,unknown,90,core,,niche_agency,enqueue,Niche agency focused on visas
visa-spain.by,top10,минимальный доход для визы кочевника испания 2026,BY,90,core,,niche_agency,enqueue,Niche agency focused on visas
visa-tour.by,top10,виза в польшу за 14 дней,BY,90,core,,niche_agency,enqueue,Niche agency focused on visas
visa-uae.by,top10,правила въезда в оаэ для белорусов 90 дней,BY,90,core,,niche_agency,enqueue,Niche agency focused on visas
visa-us.by,top10,подача на американскую визу в варшаве для белорусов,BY,90,core,,niche_agency,enqueue,Niche agency focused on visas
visa-v-breste.by,top10,причины отказа в немецком шенгене 2025,BY,90,core,,niche_agency,enqueue,Niche agency focused on visas
visa-v-dubai.by,top10,правила въезда в оаэ для белорусов 90 дней,BY,90,core,,niche_agency,enqueue,Niche agency focused on visas
visa.by,both,словить дату в визовый центр венгрии ботом,BY,90,core,,niche_agency,enqueue,Niche agency focused on visas
visa.kdmid.ru,source_resolved,учебная виза в польшу для студентов,unknown,90,core,geo_mismatch,niche_agency,review,Niche agency focused on visas
visa.maderatravel.by,source_resolved,проверка паспорта на 2 чистые страницы для визы,BY,90,core,,niche_agency,enqueue,Niche agency focused on visas
visa.vfsglobal.com,both,визовый центр официальный сайт,other,100,core,,visa_center,enqueue,Official partner for most EU countries in BY
visa4you.ru,top10,спонсорское письмо для визы ребенку образец,unknown,90,core,geo_mismatch,niche_agency,review,Niche agency focused on visas
visabot.ru,top10,бот для записи в визовый центр vfs,unknown,90,core,geo_mismatch,niche_agency,review,Niche agency focused on visas
visaby.com,both,шенген для белорусов 2026 цена,BY,100,core,,niche_agency,enqueue,"Market leader in BY, full pricing and 2026 guides"
visacatcher.com,top10,мониторинг дат визовый центр греции телеграм,unknown,90,core,,niche_agency,enqueue,Niche agency focused on visas
visacenter.by,top10,виза в латвию для водителей международников документы,BY,90,core,,niche_agency,enqueue,Niche agency focused on visas
visafree.by,top10,шенген для белорусов 2026 цена,BY,90,core,,niche_agency,enqueue,Niche agency focused on visas
visaguru.ru,top10,подтверждение финансов шенген 150 евро на день,unknown,90,core,geo_mismatch,niche_agency,review,Niche agency focused on visas
visaland.by,top10,шенген во францию через минск сроки ожидания,BY,90,core,,niche_agency,enqueue,Niche agency focused on visas
visaland.ru,top10,повторная подача после отказа в визе d,unknown,90,core,geo_mismatch,niche_agency,review,Niche agency focused on visas
visamanager.ru,source_resolved,подтверждение финансовых гарантий шенген,unknown,90,core,geo_mismatch,niche_agency,review,Niche agency focused on visas
visametric.com,both,записаться в визовый центр минск,unknown,100,core,,visa_center,enqueue,Official visa processing center
visaminsk.by,top10,оформить шенгенскую визу быстро,BY,90,core,,niche_agency,enqueue,Niche agency focused on visas
visard.me,top10,мониторинг дат визовый центр греции телеграм,unknown,90,core,,niche_agency,enqueue,Niche agency focused on visas
visas-fr.tlscontact.com,top10,виза в минске 2026,unknown,100,core,,visa_center,enqueue,Official visa processing center
visas-it.tlscontact.com,top10,получить шенген через визовый центр,unknown,100,core,,visa_center,enqueue,Official visa processing center
visas.by,top10,получить шенген через визовый центр,BY,90,core,,niche_agency,enqueue,Niche agency focused on visas
visasam.ru,top10,подготовка анкеты ex-01 для номада,unknown,90,core,geo_mismatch,niche_agency,review,Niche agency focused on visas
visateka.ru,both,подбор недвижимости для внж португалия,unknown,90,core,geo_mismatch,niche_agency,review,Niche agency focused on visas
visatour.by,both,агентство визовой поддержки беларусь,BY,90,core,,niche_agency,enqueue,Niche agency focused on visas
visatravel.ru,source_resolved,запись в визовый центр через бот отзывы,unknown,90,core,geo_mismatch,niche_agency,review,Niche agency focused on visas
visavam.by,top10,виза в европу из минска 2026,BY,90,core,,niche_agency,enqueue,Niche agency focused on visas
visavisa.by,both,виза в европу из минска 2026,BY,90,core,,niche_agency,enqueue,Niche agency focused on visas
visaviza.by,top10,виза во вьетнам для белорусов 2026 условия,BY,90,core,,niche_agency,enqueue,Niche agency focused on visas
visavsem.by,top10,какие страны дают шенген на год,BY,90,core,,niche_agency,enqueue,Niche agency focused on visas
visitukraine.today,top10,минимальная зарплата в польше для внж 4806 злотых,unknown,50,supporting,,niche_agency,enqueue,General business/info site to be reviewed
vitrina.pl,top10,блокировка разрешений на работу в польше на 2 года,EU,50,supporting,,niche_agency,enqueue,General business/info site to be reviewed
viva-city.ru,top10,закон о стартапах испания 2025 изменения,unknown,50,supporting,geo_mismatch,niche_agency,review,General business/info site to be reviewed
viza-brest.by,top10,отказ в немецком шенгене причины 2025,BY,90,core,,niche_agency,enqueue,Niche agency focused on visas
viza-by.com,top10,повторная подача после отказа в шенгене правила,unknown,90,core,,niche_agency,enqueue,Niche agency focused on visas
viza-centr.com,top10,бронь отеля для визы без оплаты для вц,unknown,90,core,,niche_agency,enqueue,Niche agency focused on visas
viza-minsk.by,top10,медицинская страховка для визы d стоимость,BY,90,core,,niche_agency,enqueue,Niche agency focused on visas
viza-tut.com,top10,санкции за невыход на работу в польше 2 года,unknown,90,core,,niche_agency,enqueue,Niche agency focused on visas
viza-v-breste.by,top10,бот для записи в консульство венгрии,BY,90,core,,niche_agency,enqueue,Niche agency focused on visas
viza-v-latviyu.by,top10,виза в латвию для водителей международников документы,BY,90,core,,niche_agency,enqueue,Niche agency focused on visas
viza-v-litvu.by,top10,виза в литву через посольство в минске 2026,BY,90,core,,niche_agency,enqueue,Niche agency focused on visas
viza-v-minsk.by,top10,самые лояльные страны шенгена для белорусов 2026,BY,90,core,,niche_agency,enqueue,Niche agency focused on visas
viza-v-minske.by,top10,шенген во францию через минск сроки ожидания,BY,90,core,,niche_agency,enqueue,Niche agency focused on visas
viza-v-oae.by,top10,правила въезда в оаэ для белорусов 90 дней,BY,90,core,,niche_agency,enqueue,Niche agency focused on visas
viza-v-polshu.by,top10,запись на визу по карте поляка минск,BY,90,core,,niche_agency,enqueue,Niche agency focused on visas
viza-v-polszu.by,top10,рабочая виза в польшу d05a для белорусов,BY,90,core,,niche_agency,enqueue,Niche agency focused on visas
viza-vsem.by,top10,виза во францию за неделю,BY,90,core,,niche_agency,enqueue,Niche agency focused on visas
viza.by,top10,анкета ex-01 на испанский внж заполнить,BY,90,core,,niche_agency,enqueue,Niche agency focused on visas
viza24.by,both,агентство визовой поддержки беларусь,BY,90,core,,niche_agency,enqueue,Niche agency focused on visas
viza5.by,top10,виза в италию для белорусов статистика выдачи,BY,90,core,,niche_agency,enqueue,Niche agency focused on visas
vizabot.com,top10,автоматический отлов слотов минск,unknown,90,core,,niche_agency,enqueue,Niche agency focused on visas
vizaby.com,top10,бот для записи в консульство венгрии,unknown,90,core,,niche_agency,enqueue,Niche agency focused on visas
vizaminsk.by,top10,свидетельство водителя международника для визы,BY,90,core,,niche_agency,enqueue,Niche agency focused on visas
vizaprom.by,top10,оформить шенгенскую визу быстро,BY,90,core,,niche_agency,enqueue,Niche agency focused on visas
vizaviza.by,top10,список стран шенгена дающих визы белорусам,BY,90,core,,niche_agency,enqueue,Niche agency focused on visas
vizavsem.by,both,шенген для белорусов 2026 цена,BY,95,core,,niche_agency,enqueue,"Covers exotic destinations (Israel, Korea), physical office at Gikalo 1"
vizazdes.by,both,виза в литву через посольство в минске 2026,BY,90,core,,niche_agency,enqueue,Niche agency focused on visas
vizoviy.by,top10,мультивиза шенген на 2 года белорусам,BY,50,supporting,,niche_agency,enqueue,General business/info site to be reviewed
vizovyminsk.by,top10,греческий шенген из минска сроки,BY,50,supporting,,niche_agency,enqueue,General business/info site to be reviewed
vnembassy-minsk.mofa.gov.vn,top10,виза во вьетнам для белорусов 2026 условия,unknown,100,core,,government,enqueue,Official government/consulate source
vneshintourist.by,top10,шенген во францию через минск сроки ожидания,BY,70,core,,niche_agency,enqueue,Travel agency often providing visa services
voka.io,top10,польский проездной документ для белорусов оформление,unknown,50,supporting,,niche_agency,enqueue,General business/info site to be reviewed
vr.by,source_resolved,отказ в польской визе что делать 2025,BY,50,supporting,,niche_agency,enqueue,General business/info site to be reviewed
vsetut.by,top10,переезд в европу из беларуси 2025 варианты,BY,40,supporting,,news,review,Media/Forum - might contain outdated info or noise
vsetutpl.com,top10,аннулирование oświadczenie в PUP процедура,unknown,50,supporting,,niche_agency,enqueue,General business/info site to be reviewed
vt.by,source_resolved,самые лояльные страны шенгена для белорусов 2026,BY,50,supporting,,niche_agency,enqueue,General business/info site to be reviewed
vtravel.by,top10,правила въезда в оаэ для белорусов 90 дней,BY,70,core,,niche_agency,enqueue,Travel agency often providing visa services
waveityan.com,top10,повторная подача после отказа в шенгене правила,unknown,50,supporting,,niche_agency,enqueue,General business/info site to be reviewed
westercompany.by,top10,рабочая виза в польшу d05a,BY,50,supporting,,niche_agency,enqueue,General business/info site to be reviewed
wigo.by,top10,свидетельство водителя международника для визы,BY,50,supporting,,niche_agency,enqueue,General business/info site to be reviewed
wise.com,top10,рабочая виза в польшу d05a,unknown,50,supporting,,niche_agency,enqueue,General business/info site to be reviewed
worldreview.by,top10,шенген для белорусов 2026 цена,BY,50,supporting,,niche_agency,enqueue,General business/info site to be reviewed
xn--80aaflxxeiedqc0joc.xn--p1ai,source_resolved,отказ в польской визе что делать 2025,unknown,50,supporting,,niche_agency,enqueue,General business/info site to be reviewed
yandex.by,top10,визовое агентство минск отзывы 2025,BY,50,supporting,,niche_agency,enqueue,General business/info site to be reviewed
youtube.com,top10,самые лояльные страны шенгена для белорусов 2026,unknown,10,noise,,noise,exclude,High-level noise/social media
zaver.by,top10,присяжный переводчик польского языка минск,BY,70,supporting,,niche_agency,enqueue,Translation/Legal services for visa documents
zefir-travel.by,top10,как поймать слот на визу в венгрию,BY,70,core,,niche_agency,enqueue,Travel agency often providing visa services
zerkalo.io,top10,гуманитарная виза в польшу d21,unknown,50,supporting,,niche_agency,enqueue,General business/info site to be reviewed
zgoda.pl,top10,карта побыту по работе 2026 требования к зарплате,EU,50,supporting,,niche_agency,enqueue,General business/info site to be reviewed
zoon.by,top10,визовое агентство минск отзывы 2025,BY,50,supporting,,niche_agency,enqueue,General business/info site to be reviewed
zus.pl,top10,регистрация в системе ZUS польша для визы,EU,50,supporting,,niche_agency,enqueue,General business/info site to be reviewed
zustricz.pl,top10,аннулирование oświadczenie в PUP процедура,EU,50,supporting,,niche_agency,enqueue,General business/info site to be reviewed
центр-виз.бел,top10,срочная запись в визовый центр испании,unknown,50,supporting,,niche_agency,enqueue,General business/info site to be reviewed
